conversion_id,action,date
202608-00001,form_submit,2026-08-01
202608-00029,book_appointment,2026-08-01
202608-00057,quote_request,2026-08-01
202608-00085,form_submit,2026-08-01
202608-00113,book_appointment,2026-08-01
202608-00141,quote_request,2026-08-01
202608-00169,form_submit,2026-08-01
202608-00197,book_appointment,2026-08-01
202608-00002,book_appointment,2026-08-02
202608-00030,quote_request,2026-08-02
202608-00058,form_submit,2026-08-02
202608-00086,book_appointment,2026-08-02
202608-00114,quote_request,2026-08-02
202608-00142,form_submit,2026-08-02
202608-00170,book_appointment,2026-08-02
202608-00198,quote_request,2026-08-02
202608-00003,quote_request,2026-08-03
202608-00031,form_submit,2026-08-03
202608-00059,book_appointment,2026-08-03
202608-00087,quote_request,2026-08-03
202608-00115,form_submit,2026-08-03
202608-00143,book_appointment,2026-08-03
202608-00171,quote_request,2026-08-03
202608-00199,form_submit,2026-08-03
202608-00004,form_submit,2026-08-04
202608-00032,book_appointment,2026-08-04
202608-00060,quote_request,2026-08-04
202608-00088,form_submit,2026-08-04
202608-00116,book_appointment,2026-08-04
202608-00144,quote_request,2026-08-04
202608-00172,form_submit,2026-08-04
202608-00200,book_appointment,2026-08-04
202608-00005,book_appointment,2026-08-05
202608-00033,quote_request,2026-08-05
202608-00061,form_submit,2026-08-05
202608-00089,book_appointment,2026-08-05
202608-00117,quote_request,2026-08-05
202608-00145,form_submit,2026-08-05
202608-00173,book_appointment,2026-08-05
202608-00201,quote_request,2026-08-05
202608-00006,quote_request,2026-08-06
202608-00034,form_submit,2026-08-06
202608-00062,book_appointment,2026-08-06
202608-00090,quote_request,2026-08-06
202608-00118,form_submit,2026-08-06
202608-00146,book_appointment,2026-08-06
202608-00174,quote_request,2026-08-06
202608-00202,form_submit,2026-08-06
202608-00007,form_submit,2026-08-07
202608-00035,book_appointment,2026-08-07
202608-00063,quote_request,2026-08-07
202608-00091,form_submit,2026-08-07
202608-00119,book_appointment,2026-08-07
202608-00147,quote_request,2026-08-07
202608-00175,form_submit,2026-08-07
202608-00203,book_appointment,2026-08-07
202608-00008,book_appointment,2026-08-08
202608-00036,quote_request,2026-08-08
202608-00064,form_submit,2026-08-08
202608-00092,book_appointment,2026-08-08
202608-00120,quote_request,2026-08-08
202608-00148,form_submit,2026-08-08
202608-00176,book_appointment,2026-08-08
202608-00204,quote_request,2026-08-08
202608-00009,quote_request,2026-08-09
202608-00037,form_submit,2026-08-09
202608-00065,book_appointment,2026-08-09
202608-00093,quote_request,2026-08-09
202608-00121,form_submit,2026-08-09
202608-00149,book_appointment,2026-08-09
202608-00177,quote_request,2026-08-09
202608-00205,form_submit,2026-08-09
202608-00010,form_submit,2026-08-10
202608-00038,book_appointment,2026-08-10
202608-00038,book_appointment,2026-08-10
202608-00066,quote_request,2026-08-10
202608-00094,form_submit,2026-08-10
202608-00122,book_appointment,2026-08-10
202608-00150,quote_request,2026-08-10
202608-00178,form_submit,2026-08-10
202608-00206,book_appointment,2026-08-10
202608-00011,book_appointment,2026-08-11
202608-00039,quote_request,2026-08-11
202608-00067,form_submit,2026-08-11
202608-00095,book_appointment,2026-08-11
202608-00123,quote_request,2026-08-11
202608-00151,form_submit,2026-08-11
202608-00179,book_appointment,2026-08-11
202608-00207,quote_request,2026-08-11
202608-00012,quote_request,2026-08-12
202608-00040,form_submit,2026-08-12
202608-00068,book_appointment,2026-08-12
202608-00096,quote_request,2026-08-12
202608-00124,form_submit,2026-08-12
202608-00152,book_appointment,2026-08-12
202608-00180,quote_request,2026-08-12
202608-00208,form_submit,2026-08-12
202608-00013,form_submit,2026-08-13
202608-00041,book_appointment,2026-08-13
202608-00069,quote_request,2026-08-13
202608-00097,form_submit,2026-08-13
202608-00125,book_appointment,2026-08-13
202608-00153,quote_request,2026-08-13
202608-00181,form_submit,2026-08-13
202608-00209,book_appointment,2026-08-13
202608-00014,book_appointment,2026-08-14
202608-00042,quote_request,2026-08-14
202608-00070,form_submit,2026-08-14
202608-00098,book_appointment,2026-08-14
202608-00126,quote_request,2026-08-14
202608-00154,form_submit,2026-08-14
202608-00182,book_appointment,2026-08-14
202608-00210,quote_request,2026-08-14
202608-00015,quote_request,2026-08-15
202608-00043,form_submit,2026-08-15
202608-00071,book_appointment,2026-08-15
202608-00099,quote_request,2026-08-15
202608-00127,form_submit,2026-08-15
202608-00155,book_appointment,2026-08-15
202608-00183,quote_request,2026-08-15
202608-00211,form_submit,2026-08-15
202608-00016,form_submit,2026-08-16
202608-00044,book_appointment,2026-08-16
202608-00044,book_appointment,2026-08-16
202608-00072,quote_request,2026-08-16
202608-00100,form_submit,2026-08-16
202608-00128,book_appointment,2026-08-16
202608-00156,quote_request,2026-08-16
202608-00184,form_submit,2026-08-16
202608-00212,book_appointment,2026-08-16
202608-00017,book_appointment,2026-08-17
202608-00045,quote_request,2026-08-17
202608-00073,form_submit,2026-08-17
202608-00101,book_appointment,2026-08-17
202608-00129,quote_request,2026-08-17
202608-00157,form_submit,2026-08-17
202608-00185,book_appointment,2026-08-17
202608-00213,quote_request,2026-08-17
202608-00018,quote_request,2026-08-18
202608-00046,form_submit,2026-08-18
202608-00074,book_appointment,2026-08-18
202608-00102,quote_request,2026-08-18
202608-00130,form_submit,2026-08-18
202608-00158,book_appointment,2026-08-18
202608-00186,quote_request,2026-08-18
202608-00214,form_submit,2026-08-18
202608-00214,form_submit,2026-08-18
202608-00019,form_submit,2026-08-19
202608-00019,form_submit,2026-08-19
202608-00047,book_appointment,2026-08-19
202608-00075,quote_request,2026-08-19
202608-00103,form_submit,2026-08-19
202608-00131,book_appointment,2026-08-19
202608-00159,quote_request,2026-08-19
202608-00187,form_submit,2026-08-19
202608-00215,book_appointment,2026-08-19
202608-00020,book_appointment,2026-08-20
202608-00048,quote_request,2026-08-20
202608-00076,form_submit,2026-08-20
202608-00104,book_appointment,2026-08-20
202608-00132,quote_request,2026-08-20
202608-00160,form_submit,2026-08-20
202608-00188,book_appointment,2026-08-20
202608-00216,quote_request,2026-08-20
202608-00021,quote_request,2026-08-21
202608-00049,form_submit,2026-08-21
202608-00077,book_appointment,2026-08-21
202608-00105,quote_request,2026-08-21
202608-00133,form_submit,2026-08-21
202608-00161,book_appointment,2026-08-21
202608-00189,quote_request,2026-08-21
202608-00217,form_submit,2026-08-21
202608-00022,form_submit,2026-08-22
202608-00050,book_appointment,2026-08-22
202608-00078,quote_request,2026-08-22
202608-00106,form_submit,2026-08-22
202608-00134,book_appointment,2026-08-22
202608-00162,quote_request,2026-08-22
202608-00190,form_submit,2026-08-22
202608-00218,book_appointment,2026-08-22
202608-00023,book_appointment,2026-08-23
202608-00051,quote_request,2026-08-23
202608-00079,form_submit,2026-08-23
202608-00107,book_appointment,2026-08-23
202608-00135,quote_request,2026-08-23
202608-00163,form_submit,2026-08-23
202608-00191,book_appointment,2026-08-23
202608-00219,quote_request,2026-08-23
202608-00024,quote_request,2026-08-24
202608-00052,form_submit,2026-08-24
202608-00080,book_appointment,2026-08-24
202608-00108,quote_request,2026-08-24
202608-00136,form_submit,2026-08-24
202608-00164,book_appointment,2026-08-24
202608-00192,quote_request,2026-08-24
202608-00220,form_submit,2026-08-24
202608-00025,form_submit,2026-08-25
202608-00053,book_appointment,2026-08-25
202608-00081,quote_request,2026-08-25
202608-00109,form_submit,2026-08-25
202608-00137,book_appointment,2026-08-25
202608-00137,book_appointment,2026-08-25
202608-00165,quote_request,2026-08-25
202608-00193,form_submit,2026-08-25
202608-00221,book_appointment,2026-08-25
202608-00026,book_appointment,2026-08-26
202608-00054,quote_request,2026-08-26
202608-00082,form_submit,2026-08-26
202608-00110,book_appointment,2026-08-26
202608-00138,quote_request,2026-08-26
202608-00166,form_submit,2026-08-26
202608-00194,book_appointment,2026-08-26
202608-00222,quote_request,2026-08-26
202608-00027,quote_request,2026-08-27
202608-00055,form_submit,2026-08-27
202608-00083,book_appointment,2026-08-27
202608-00111,quote_request,2026-08-27
202608-00139,form_submit,2026-08-27
202608-00167,book_appointment,2026-08-27
202608-00167,book_appointment,2026-08-27
202608-00195,quote_request,2026-08-27
202608-00223,form_submit,2026-08-27
202608-00028,form_submit,2026-08-28
202608-00056,book_appointment,2026-08-28
202608-00084,quote_request,2026-08-28
202608-00112,form_submit,2026-08-28
202608-00140,book_appointment,2026-08-28
202608-00168,quote_request,2026-08-28
202608-00196,form_submit,2026-08-28
